Item #,Ref Des,Qty,Manufacturer,Mfg Part #,Description / Value,Package,Type,,
1,U1,1,Analog Devices,AD8237ARMZ,IC AMP MSOP-8,MSOP-8_3x3mm_P0.65mm,SMD,,
2,U2,1,Texas Instruments,ADS1113IDGST,IC ADC 16BITS 860SPS VSSOP-10,VSSOP-10_3x3mm_P0.5mm,SMD,,
3,U3,1,Texas Instruments,TLV71330PDBVR,IC LDO REG SOT-23-5,SOT-23-5,SMD,,
4,"R1,R2,R3",3,Panasonic,ERA-3AEB121V,RES 120 OHM 0.1% 0603 SMD,R_0603_1608Metric,SMD,,
5,"R4,R5",2,ROHM,MCR03ERTF4300,RES 430 OHM 1.0% 0603 SMD,R_0603_1608Metric,SMD,,
6,R6,1,Panasonic,ERA-3AED104V,RES 100K OHM 0.5% 0603 SMD,R_0603_1608Metric,SMD,,
7,"R7,R8",2,ROHM,MCR01MZPF1002,RES 10K OHM 1.0% 0603 SMD,R_0402_1005Metric,SMD,,
8,"C1,C2,C3,C4",4,TDK,C1005X5R1V104K,CAP MLCC 0.1UF 0402 SMD,C_0402_1005Metric,SMD,,
9,C5,1,TDK,CGA6N2C0G2A473J,CAP MLCC .047UF 3225 SMD,C_1210_3225Metric,SMD,,
,,,,,,,,,
,,,,,,,,,
,,,,,,,,,
,,,,,,,,,
,,,,,,,,,
,,,,,,,,,
,,,,,,,,,
,,,,,,,,,
,,,,,,,,,
,,,,,,,,,
